id,group,labelName,labelDescription,machineKey
AE1,Affective empathy,Shared emotion,"Reports feeling an emotion in response to perceiving that same emotion in another person—for example, feeling frightened because they are frightened. Recognizing their emotion or caring about them does not, by itself, establish sharing.",ae_shared_affect
AE2,Affective empathy,Explicit emotional nonsharing,Explicitly states that the respondent does not share an emotion they attribute to another person. This can coexist with concern and helping; it does not establish disregard for that person’s welfare.,ae_explicit_nonsharing
AE3,Affective empathy,Concern for welfare,"States that an identified person’s suffering, loss, or welfare matters to the respondent. Concern may include wanting to prevent or reduce harm and can remain present when the chosen option still harms someone.",ae_welfare_concern
AE4,Affective empathy,Explicit welfare disregard,"Explicitly states that an identified person’s welfare does not matter or is deliberately excluded from consideration. Accepting unavoidable harm, prioritizing a competing concern, or sounding emotionally detached is insufficient.",ae_explicit_disregard
CE1,Cognitive empathy,Mental-state attribution,"Attributes a particular emotion, belief, intention, expectation, or viewpoint to another person. The attribution may be tentative; mentioning the person or describing only their behavior or physical loss is insufficient.",ce_mental_state_attribution
CE2,Cognitive empathy,Contextual mental-state explanation,"Explains why another person would think or feel a particular way by linking that state to their knowledge, expectations, goals, or circumstances. Naming an emotion alone does not qualify, and a plausible explanation is not automatically verified as accurate.",ce_contextual_explanation
CE3,Cognitive empathy,Explicit interpretive difficulty,"Explicitly reports difficulty working out a particular person’s thoughts, feelings, intentions, or unstated expectations. Distinguish this difficulty from uncertainty caused solely by information the scenario has not supplied.",ce_mentalizing_difficulty
CE4,Cognitive empathy,Acknowledged harm,"Explicitly describes the harm, loss, or distress that a particular action would cause an identified person. This records expressed comprehension of the consequence; it does not establish concern, shared emotion, or a mental-state inference.",ce_understood_harm
CE5,Cognitive empathy,Supportive use of understanding,"Uses an expressed understanding of another person’s beliefs, feelings, or expectations to explain a plan to help them, coordinate mutual benefit, or repair a relationship. The response must connect that understanding to the supportive action.",ce_supportive_use
CE6,Cognitive empathy,Exploitative use of understanding,"Describes using another person’s trust, beliefs, emotions, or expectations to obtain an advantage at that person’s expense. Identify the understanding, intended advantage, and cost to the other person; ordinary persuasion, mutual benefit, or self-protection alone is insufficient.",ce_exploitative_use
PD1,Personal distress,Distress at another’s harm,"Reports or anticipates the respondent’s own anxiety, upset, bodily discomfort, or overwhelm in response to another person’s suffering. This describes the speaker’s aversive experience; it need not imply sharing the same emotion or prioritizing the other person’s welfare.",pd_harm_distress
PD2,Personal distress,Distress from decision conflict,"Reports feeling torn, anxious, overwhelmed, or otherwise distressed because the available options conflict with important commitments or all have unwanted consequences. A difficult calculation or uncertainty without an expressed aversive feeling is insufficient.",pd_decision_conflict
PD3,Personal distress,Anxiety about personal consequences,"Reports or anticipates anxiety, fear, or distress about the respondent’s own possible punishment, rejection, financial loss, or another adverse consequence. Merely recognizing a personal risk is insufficient, and this anxiety can coexist with concern for others.",pd_personal_consequence_anxiety
PD4,Personal distress,Explicitly low distress,"Explicitly describes remaining calm or experiencing little or no distress about the specified scenario. Calm wording or an omitted emotion report is insufficient, and low distress does not establish disregard or lack of remorse.",pd_explicit_low_distress
SYS1,Systemizing,Rule-based justification,"Uses an articulated rule, duty, prohibition, right, or principle to justify the choice. The respondent must endorse its application; quoting a rejected rule or calling an answer logical without stating a principle is insufficient.",sys_rule_justification
SYS2,Systemizing,Consistent decision procedure,Explicitly describes a repeatable decision procedure and says relying on it is central to resolving the dilemma. States that the same procedure would apply even when personally inconvenient; a numerical answer or bare appeal to fairness is insufficient.,sys_consistent_procedure
SYS3,Systemizing,Fairness and reciprocity,"Justifies the decision through an explicit standard of equal treatment, reciprocal obligation, proportionality, or correcting an unfair exchange. The response explains the fairness criterion; the word “fair” alone is insufficient, and endorsing a penalty does not imply enjoying suffering.",sys_fairness_reciprocity
SYS4,Systemizing,Context-sensitive rule application,"Explains how a relevant change in intentions, circumstances, needs, or consequences would justify altering a rule’s application or allowing an exception. The reason for the exception must be stated, rather than inferred from inconsistency between answers.",sys_contextual_flexibility
SYS5,Systemizing,Consequence-based justification,"Uses an expected benefit, harm, or comparison of outcomes as a reason for choosing an action. Identify who benefits or bears the cost; repeating a payoff without using it to justify the decision is insufficient.",sys_consequence_reasoning
SYS6,Systemizing,Instrumental rule compliance,"States that a rule, agreement, or cooperative action is followed only while it secures personal advantage or prevents a personal cost. Awareness of incentives while also treating the rule as intrinsically binding does not qualify.",sys_instrumental_norm_use
PDA1,Post-decision appraisal,Regret about harm,Expresses or anticipates regret specifically about harm caused by the respondent’s own chosen or hypothetical action. The object of regret must be another person’s harm; regretting the outcome does not necessarily mean rejecting the original decision.,pda_harm_regret
PDA2,Post-decision appraisal,Regret about personal consequences,"Expresses or anticipates regret specifically about losses to the respondent, such as punishment, damaged reputation, lost trust, or a missed opportunity. This label also applies when harm-related regret is expressed.",pda_self_consequence_regret
PDA3,Post-decision appraisal,Explicit absence of harm regret,"Explicitly denies regretting harm caused by the respondent’s own action, including an endorsed hypothetical action. Silence, difficulty naming feelings, or saying the original decision was justified does not qualify without an explicit denial about harm.",pda_explicit_no_harm_regret
PDA4,Post-decision appraisal,Acknowledgment of responsibility,"Explicitly acknowledges how the respondent’s own choice, omission, knowledge, or control contributed to the outcome. Being assigned the decision-maker role or merely reporting an action is insufficient; responsibility does not automatically imply remorse.",pda_responsibility
PDA5,Post-decision appraisal,Intention to repair,"Proposes a concrete future action to acknowledge or remedy harm, such as repayment, correction, explanation, or an apology tied to what happened. A conventional apology alone is insufficient, and a repair plan does not establish the speaker’s emotional motive.",pda_repair_intention
PDA6,Post-decision appraisal,Difficulty identifying own emotion,"Explicitly reports difficulty identifying or naming the respondent’s own emotional reaction. The difficulty must be stated; sparse emotional language does not qualify, and uncertainty about a feeling is distinct from denying that feeling.",pda_emotion_identification_difficulty
PDA7,Post-decision appraisal,Prediction of another’s regret,"Predicts whether or why another person would regret that person’s own action. The label applies to predictions of regret, no regret, or uncertainty; retain that stance separately rather than substituting it for the respondent’s own appraisal.",pda_other_regret_expectation
PDA8,Post-decision appraisal,Practical counterfactual,"Endorses a specific earlier action, arrangement, or precaution that could have prevented or reduced the bad outcome. Identify who would have done what differently; repairing damage now or merely wishing the outcome were better is insufficient.",pda_practical_counterfactual
